title,description,published_at,source,url,country,word_count,recent
"""Chorrea hacia abajo"" Mariana Loyola lanza dardo a presidentes que ""auspician la violencia machista""",La actriz chilena Mariana Loyola lanzó sus dardos en contra de los gobiernos que “avalan la violencia machista” y realizan...,2026-04-24 01:31:18+00:00,BioBioChile,https://www.biobiochile.cl/noticias/espectaculos-y-tv/celebridades/2026/04/23/chorrea-hacia-abajo-mariana-loyola-lanza-dardo-a-presidentes-que-auspician-la-violencia-machista.shtml,Nepal,14,False
The Rocky Horror Show review - campy musical returns to Broadway in need of an energy boost,"The 1973 cult favorite is back with a stacked cast, including Juliette Lewis, Luke Evans and Rachel Dratch, but only flashes of genuine fun",2026-04-24 01:31:00+00:00,The Guardian,https://www.theguardian.com/stage/2026/apr/23/the-rocky-horror-show-review-broadway,Nepal,17,False
"Ringgit rises against greenback, major currencies on strong March trade data","KUALA LUMPUR: The ringgit edged higher against the US dollar and other major currencies in early trade on Friday, supported by resilient Malaysia trade data for March.",2026-04-24 01:31:00+00:00,The Star,https://www.thestar.com.my/business/business-news/2026/04/24/ringgit-rises-against-greenback-major-currencies-on-strong-march-trade-data,Nepal,11,False
"Exclusive: Days before FIRs were filed in TCS Nashik case, 2 women complainants had quit BPO","Meanwhile, family members and friends of some of the complainants – there are nine in total – told The Indian Express that some of the women complainants are battling depression, anxiety and social isolation",2026-04-24 01:30:46+00:00,The Indian Express,https://indianexpress.com/article/cities/mumbai/exclusive-days-before-firs-were-filed-in-tcs-nashik-case-2-women-complainants-had-quit-bpo-10652785/,Nepal,16,False
Is Kolkata a city of slums like Amit Shah said? Here's the fact,"West Bengal Assembly Polls: Addressing a rally for the West Bengal election, Home Minister Amit Shah said Kolkata had turned into a city of slums under successive Communist and Trinamool Congress governments. Is it a fact that Kolkata, the capital of West Bengal, is a city of slums? Here's the fact.",2026-04-24 01:30:00+00:00,India Today,https://www.indiatoday.in/elections/assembly/story/west-bengal-assembly-elections-home-minister-amit-shah-bjp-cpm-tmc-kolkata-city-of-slums-2011-census-chennai-mumbai-delhi-2900492-2026-04-24,Nepal,13,False
ученые обнаружили утечку драгоценных металлов через вулканы,"Исследователи выяснили, что золото и рутений просачиваются из ядра Земли на поверхность. Вулканы на Гавайях выносят драгоценные металлы с глубины 3000 км.",2026-04-24 01:30:00+00:00,УНИАН,https://www.unian.net/science/zoloto-uchenye-obnaruzhili-utechku-dragocennyh-metallov-cherez-vulkany-13359516.html,Nepal,7,False
вчені виявили витік дорогоцінних металів через вулкани,"Дослідники з'ясували, що золото та рутеній просочуються з ядра Землі на поверхню. Вулкани на Гаваях підіймають коштовні метали з глибини 3000 км.",2026-04-24 01:30:00+00:00,УНІАН,https://www.unian.ua/science/zoloto-vcheni-viyavili-vitik-dorogocinnih-metaliv-cherez-vulkani-13359519.html,Nepal,7,False
Rams take quarterback Ty Simpson at No. 13,The Rams have drafted Matthew Stafford's successor.,2026-04-24 01:29:50+00:00,NBC Sports,https://www.nbcsports.com/nfl/profootballtalk/rumor-mill/news/rams-take-quarterback-ty-simpson-at-no-13,Nepal,8,False
"디아블로IV, 확장팩 '증오의 군주' 28일 출시... 시네마틱·밴드 협업 기대감 고조",블리자드 엔터테인먼트는 액션 RPG 디아블로 IV의 차기 확장팩 '증오의 군주'를 28일 오전 8시(한국시간) 출시한다. 이번 확장팩의 핵심 서사를 담은 오프닝 시네마틱은 시리즈 사상 가장 어두운 분위기를 강조한다. 주요 인물 네이렐이 증오의 군주 메피스토와 대면하는,2026-04-24 01:29:41+00:00,전자신문,https://www.etnews.com/20260424000132,Nepal,10,False
"Hormuz Strait: 'होर्मुज में माइन बिछाने वाली ईरानी बोट्स को गोली से उड़ा दो', डोनाल्ड ट्रंप का अमेरिकी नेवी को फरमान",अमेरिकी राष्ट्रपति डोनाल्ड ट्रंप ने होर्मुज स्ट्रेट को लेकर बड़ा आदेश दिया है। उन्होंने अमेरिकी सेना से कहा है कि जलडमरूमध्य में बारूदी सुरंग बिछाने वाली छोटी ईरानी नावों को शूट करके मार दिया जाए।,2026-04-24 01:29:32+00:00,Navbharat Times,https://navbharattimes.indiatimes.com/world/america/trump-ordered-us-navy-ko-shoot-and-kill-iranian-boats-laying-mines-in-hormuz-strait/articleshow/130481276.cms,India,21,False
விஜய் வருகையால் வாக்குச்சாவடியில் தள்ளுமுள்ளு: 45 நிமிடம் காத்திருந்த வாக்காளர்கள்,விஜய் வரு​கை​யால் நீலாங்​கரை வாக்​குச்​சாவடி​யில் தள்​ளு​முள்ளு ஏற்​பட்​டது. கூட்ட நெரிசலுக்கு இடையே பலத்த போலீஸ் பாது​காப்​புடன் அவர் தனது வாக்​கைப் பதிவு செய்​தார்.,2026-04-24 01:23:17+00:00,Hindu Tamil Thisai,https://www.hindutamil.in/news/tamilnadu/scuffle-at-polling-booth-following-arrival-of-tvk-leader-vijay,India,8,False
ईरान परमाणु बम बनाने के कितना क़रीब पहुंच चुका है?,यूरेनियम को किस तरह संवर्धित किया जाता है. न्यूक्लियर रिएक्टर में और परमाणु बम बनाने में इस्तेमाल होने वाले यूरेनियम में क्या फर्क होता है?,2026-04-24 01:23:09+00:00,BBC,https://www.bbc.com/hindi/articles/clyr0nmg25go,India,10,False
"दूसरे फेज में भी बाहर मत आना, वरना उल्टा लटकाकर सीधा कर दूंगा; अमित शाह ने किसे दी धमकी","मध्यमग्राम में चुनाव के दूसरे चरण में 29 अप्रैल को मतदान होगा। मतगणना चार मई को होगी। शाह ने रोडशो के दौरान पत्रकारों से कहा कि भाजपा के सत्ता में आने के बाद पश्चिम बंगाल में एक भी घुसपैठिए को नहीं घुसने दिया जायेगा।, West-bengal Hindi News - Hindustan",2026-04-24 01:19:06+00:00,Hindustan Hindi News,https://www.livehindustan.com/west-bengal/amit-shah-excited-with-first-phase-voting-percentage-in-bengal-elections-warn-tmc-goons-201776993269491.html,India,19,False
"Raja Shivaji Cast Fees : राजा शिवाजी सिनेमात मराठीसह बॉलिवूडकरांचीही गर्दी, 100 कोटींच्या बजेटमध्ये कोणाला किती मिळाली फी","'राजा शिवाजी' हा चित्रपट रिलीज व्हायला काहीच दिवस उरले आहेत. त्यामुळे प्रेक्षकांमधील उत्सुकता आताच शिगेला पोहोचली आहे. या चित्रपटात कलाकारांची एक मोठी फौज पाहायला मिळते, ज्यात मराठीसह बॉलिवूडच्या दिग्गजांचाही समावेश आहे. या चित्रपटातील आपापल्या भूमिकांसाठी प्रत्येक कलाकाराला किती मानधन मिळाले आहे, हे जाणून घेऊ.",2026-04-24 01:15:17+00:00,Maharashtra Times,https://maharashtratimes.com/entertainment/entertainment-news/bollywood-news/raja-shivaji-film-star-cast-fees-from-riteish-deshmukh-to-mahesh-manjrekar/articleshow/130481173.cms,India,18,False
Trump rules out nuclear strike on Iran: 'Decimated ​them without it',"Trump emphasised that he is not in a hurry to reach an agreement with Tehran, prioritising a stable, long-term solution over a quick resolution",2026-04-24 01:14:22+00:00,Moneycontrol.com,https://www.moneycontrol.com/world/trump-rules-out-nuclear-strike-on-iran-decimated-them-without-it-article-13898059.html,India,11,False
भारतीय दूतावास ने 'ईरान की यात्रा नहीं करने' की 'सख़्त सलाह' क्यों दी,भारत और ईरान के बीच फ़्लाइट फिर शुरू होने की ख़बरों के बीच ईरान में भारतीय दूतावास ने भारतीयों के लिए ट्रैवल एडवाइज़री जारी की है.,2026-04-24 01:12:48+00:00,BBC,https://www.bbc.com/hindi/live/ckgej3yxjert,India,13,False
MK Stalin: மே 4ல் தமிழ்நாடு வெல்லும்.. வாக்களித்தவர்களுக்கு நன்றி சொன்ன மு.க.ஸ்டாலின்!,"தமிழ்நாடு சட்டமன்ற தேர்தலில் வாக்களிக்க பல்வேறு தரப்பு மக்களும் ஆர்வம் காட்டினர். குறிப்பாக இளைஞர்கள் பெருமளவில் தங்கள் கடமையை செய்தனர். வெளியூர், வெளிநாடு, வெளிமாநிலங்களில் இருந்தும் கூட வாக்களிக்க வந்தன",2026-04-24 01:09:10+00:00,ABP Nadu,https://tamil.abplive.com/news/tamil-nadu/tamil-nadu-elections-2026-cm-mk-stalin-thanks-to-voters-for-doing-their-democratic-duty-257311,India,10,False
Rams select QB Ty Simpson with No. 13 pick in NFL draft,"According to ESPN's Adam Schefter, Rams coach Sean McVay told Matthew Stafford earlier Thursday of the team's plan to take Ty Simpson at No. 13.",2026-04-24 01:27:00+00:00,ESPN,https://www.espn.com/nfl/story/_/id/48575685/rams-select-qb-ty-simpson-no-13-pick-nfl-draft,USA,12,False
"Trump confirms he's weighing a taxpayer takeover of Spirit Airlines ""for the right price""",President Trump said Thursday that he was weighing a taxpayer-funded takeover of Spirit Airlines​ with the intent of reselling the struggling budget carrier​ after oil prices drop.,2026-04-24 01:21:00+00:00,CBS News,https://www.cbsnews.com/news/trump-weighing-taxpayer-takeover-spirit-airlines/,USA,14,False
The New Version Of Game Pass Is A Perk For Discord Nitro Users,The chat platform subscription will seemingly give players access to some games for free,2026-04-24 01:07:02+00:00,Kotaku,https://kotaku.com/xbox-game-pass-discord-nitro-stardew-valley-fallout-4-2000690262,USA,13,False
"Iran War Has Drained U.S. Supplies of Critical, Costly Weapons","The Pentagon’s rush to rearm its Mideast forces makes it less ready to confront potential adversaries like Russia and China, administration and congressional officials say.",2026-04-24 01:04:32+00:00,The New York Times,https://www.nytimes.com/2026/04/23/us/politics/iran-war-cost-military.html,USA,10,False
"Edge David Bailey, Texas Tech, Round 1, Pick 2",Joins Green & White's Edge-Rushing Group as the Highest Defensive Draft Choice in Franchise History,2026-04-24 00:58:52+00:00,New York Jets,https://www.newyorkjets.com/news/david-bailey-nfl-draft-edge-texas-tech,USA,9,False
El mayor fabricante de condones anuncia subida de precios por la guerra,Se dispara en un 30% el costo de los profilácticos.,2026-04-24 00:57:12+00:00,Primera Hora,https://www.primerahora.com/noticias/consumo/notas/el-mayor-fabricante-mundial-de-condones-anuncia-subida-de-precios-por-la-guerra/,USA,12,False
Judge sets date for evidence against singer D4vd in killing of 14-year-old to be presented,"Lawyers for singer D4vd insisted Thursday on forcing prosecutors to show what evidence they have, and a judge set a hearing for next week for them to lay it out publicly in the killing and dismemberment of Celeste Rivas Hernandez.",2026-04-24 00:55:55+00:00,PBS,https://www.pbs.org/newshour/nation/judge-sets-date-for-evidence-against-singer-d4vd-in-killing-of-14-year-old-to-be-presented,USA,15,False
The Lion King review - Disney’s Broadway juggernaut roars to life in Sydney,"With breathtaking aesthetics and joyous performances, the audacious adaptation – now almost 30 years old – is greater than the sum of its parts",2026-04-24 01:23:00+00:00,The Guardian,https://www.theguardian.com/film/2026/apr/24/the-lion-king-review-musical-sydney,Australia,13,False
Tom Starling cops online abuse after Raiders' loss to Wests Tigers,Canberra Raiders hooker Tom Starling has received disgusting online abuse following the loss to Wests Tigers on Thursday night.,2026-04-24 01:21:50+00:00,The Canberra Times,https://www.canberratimes.com.au/story/9232015/tom-starling-cops-online-abuse-after-raiders-loss-to-wests-tigers/,Australia,11,False
APOLLO AI learns from 25 billion medical events to predict future disease,"APOLLO is a multimodal temporal foundation model trained on 25.2 billion medical events from 7.2 million patients across 33 years of Mass General Brigham records, integrating 28 medical modalities into unified “virtual patient representations.” Across 322 downstream tasks, the model showed strong performance in disease prediction, treatment-response stratification, hospital operations, and patient retrieval, supporting the idea of more computable, data-driven medicine.",2026-04-24 01:12:00+00:00,News-Medical,https://www.news-medical.net/news/20260423/APOLLO-AI-learns-from-25-billion-medical-events-to-predict-future-disease.aspx,Australia,12,False
"Woolworths, Coles case won't hurt the supermarket oligopoly","Whatever happens in the 'fake discounts' case, it's clear that the true impediment to consumer protection is Australia's political class.",2026-04-24 01:06:54+00:00,Crikey,https://www.crikey.com.au/2026/04/24/woolworths-coles-court-case-discounts-supermarket-oligopoly/,Australia,8,False
Tobacco ban in the UK could create a smoke,Anyone born after 2008 will be banned from buying cigarettes or vapes for life in the UK when a new bill becomes law.,2026-04-24 01:04:53+00:00,Australian Broadcasting Corporation,https://www.abc.net.au/news/2026-04-24/generational-smoking-ban-uk/106592244,Australia,9,False
Smith confirms he will attend Anzac Day commemorations after release on bail,"Ben Roberts-Smith confirms he will be attending Anzac Day services tomorrow, saying he intends to pay his respects, one week on from his release on bail.",2026-04-24 00:58:52+00:00,Australian Broadcasting Corporation,https://www.abc.net.au/news/2026-04-24/ben-roberts-smith-anzac-day-commemorations/106601020,Australia,12,False
‘It’s pretty ugly’: Kyle Sandilands tells ARN to put him back on air as he arrives for court hearing in Rolls-Royce,Radio presenter arrives for case management hearing into allegations he breached his Kiis FM radio contract,2026-04-24 00:34:00+00:00,The Guardian,https://www.theguardian.com/media/2026/apr/24/kyle-sandilands-kiis-fm-arn-radio-contract-ntwnfb,Australia,21,False
Pentagon awards $276m AUKUS submarine contract funded by Australia,The US Department of Defense announces the first major submarine contract to deliver on the AUKUS security deal.,2026-04-24 00:24:49+00:00,Australian Broadcasting Corporation,https://www.abc.net.au/news/2026-04-24/us-navy-awards-contract-for-aukus-submarine-deal/106601042,Australia,9,False
"US soldier charged with making $560,000 on Nicolás Maduro removal with Polymarket bets","In the weeks leading up to Venezuelan leader Nicolás Maduro's January 3 capture, Gannon Ken Van Dyke used sensitive classified information to make wagers on prediction market Polymarket.",2026-04-24 00:22:26+00:00,Australian Broadcasting Corporation,https://www.abc.net.au/news/2026-04-24/us-soldier-charged-betting-on-maduro-removal/106601200,Australia,13,False
Saham-Saham Ini Masuk Antrean Jual Asing Kala IHSG Ambruk,"Indeks Harga Saham Gabungan melemah 2,16% pada 23 April 2026. Investor asing jual bersih Rp978,65 miliar. Simak daftar saham yang dijual asing!",2026-04-24 01:37:19+00:00,CNBC Indonesia,https://www.cnbcindonesia.com/market/20260424082819-17-729462/saham-saham-ini-masuk-antrean-jual-asing-kala-ihsg-ambruk,Nepal,9,False
خطة إيران لرسوم عبور هرمز.. ماذا تعني للاقتصاد العالمي؟,تثير خطة إيران لفرض رسوم عبور على السفن في مضيق هرمز مخاوف من تداعيات اقتصادية سلبية وارتفاع في الأسعار حول العالم.,2026-04-24 01:37:14+00:00,سكاي نيوز عربية,https://www.skynewsarabia.com/middle-east/1865890-%D8%AE%D8%B7%D8%A9-%D8%A5%D9%8A%D8%B1%D8%A7%D9%86-%D9%84%D8%B1%D8%B3%D9%88%D9%85-%D8%B9%D8%A8%D9%88%D8%B1-%D9%87%D8%B1%D9%85%D8%B2-%D8%AA%D8%B9%D9%86%D9%8A-%D9%84%D9%84%D8%A7%D9%82%D8%AA%D8%B5%D8%A7%D8%AF-%D8%A7%D9%84%D8%B9%D8%A7%D9%84%D9%85%D9%8A,Nepal,9,False
Lời khai của kẻ giết chủ tiệm cầm đồ,"Quảng Trị- Nguyễn Văn Dũng cần tiền trả nợ nên đến tiệm cầm đồ vay, sau khi nhận được tiền đã đoạt mạng chủ tiệm. - VnExpress",2026-04-24 01:37:00+00:00,VnExpress,https://vnexpress.net/loi-khai-cua-ke-giet-chu-tiem-cam-do-5066457.html,Nepal,9,False
Elijah Hollands shared his story with me. He was brave then and he’s brave now,"Elijah Hollands got himself back through help from family, experts, his teammates and Carlton. He showed courage to do so. Now his health is the priority.",2026-04-24 01:36:28+00:00,The Age,https://www.theage.com.au/sport/afl/elijah-hollands-shared-his-story-with-me-he-was-brave-then-and-he-s-brave-now-20260422-p5zq8f.html,Nepal,15,False
തമിഴ്‌നാട്ടിൽ റെക്കോർഡ് പോളിങ്; ദ്രാവിഡ മണ്ണിൽ വിധി ആർക്കൊപ്പം? അങ്കലാപ്പിൽ മുന്നണികൾ,"ഉയർന്ന പോളിങ് ശതമാനം ആരെ തുണക്കുമെന്ന ആകാംക്ഷയിലാണ് ഡിഎംകെ, എഐഡിഎംകെ മുന്നണികളും ടിവികെയും",2026-04-24 01:36:22+00:00,Media One,https://www.mediaoneonline.com/india/record-polling-in-tamil-nadu-who-will-fate-favor-in-the-dravidian-land-fronts-in-anxiety-321720,Nepal,9,False
"Evacuations after slip north of Auckland, heavy rain warnings in place","A slip in Waiwera has caused some people to be evacuated today, while most of Auckland and Northland is being warned about heavy rain ahead of the long weekend.",2026-04-24 01:36:07+00:00,1News,https://www.1news.co.nz/2026/04/24/evacuations-after-slip-north-of-auckland-heavy-rain-warnings-in-place/,Nepal,11,False
"Tom Brady no pierde el tiempo y le da una orden al primer pick del draft de la NFL, Fernando Mendoza","Las Vegas Raiders elige a Fernando Mendoza como la primera selección del Draft de la NFL 2026, un reclutamiento en el que fue clave el copropietario del equipo, Tom Brady",2026-04-24 01:36:00+00:00,Yahoo,https://es-us.noticias.yahoo.com/deportes/tom-brady-pierde-tiempo-orden-013634199.html,Nepal,21,False
Study highlights gaps in opioid use disorder care during pregnancy,"Opioid use disorder during pregnancy remains a critical yet under-addressed public health issue in the U.S., according to a new study at Columbia University Mailman School of Public Health.",2026-04-24 01:36:00+00:00,News-Medical,https://www.news-medical.net/news/20260423/Study-highlights-gaps-in-opioid-use-disorder-care-during-pregnancy.aspx,Nepal,10,False
„Ein Meer aus Blut“: Schah-Sohn fleht Deutschland um Hilfe an,In Maybrit Illners Sendung appelliert Reza Pahlavi an die Bundesregierung und verurteilt das iranische Regime.,2026-04-24 01:35:23+00:00,BILD,https://www.bild.de/politik/politik-talkshows-im-tv-talk-kritik/ein-meer-aus-blut-schah-sohn-fleht-deutschland-um-hilfe-an-69eac32c79eaea7df39de875,Nepal,10,False
"Bhooth Bangla BO Day 7: 'भूत बंगला' की कमाई में सातवें दिन आई मंदी, फिर भी बन गई साल की तीसरी सबसे बड़ी फिल्म, 'ओ रोमियो' को दी मात",Bhooth Bangla BO Day 7: अक्षय कुमार की हॉरर कॉमेडी फिल्म 'भूत बंगला' ने सिनेमाघरों में रिलीज का एक हफ्ता पूरा कर लिया है. इसी के साथ अच्छी कमाई कर ये साल की तीसरी सबसेे बड़ी फिल्म बन गई है.,2026-04-24 01:35:06+00:00,ABP News,https://www.abplive.com/entertainment/bollywood/bhooth-bangla-box-office-collection-day-7-akshay-kumar-film-seventh-day-thursday-first-week-collection-net-in-india-beat-o-romeo-3119490,India,29,False
"Box Office: हफ्ता बीतते ही 'भूत बंगला' की लगातार गिरने लगी कमाई, 36वें दिन भी 'धुरंधर 2' का करोड़ में कलेक्शन","अक्षय कुमार की फिल्म 'भूत बंगला' ने रिलीज के तीन दिनों तक तो जबरदस्त कमाई की और सुपरहिट होने की राह पर ही थी लेकिन चौथे दिन के बाद से इसके कलेक्शन में भारी गिरावट आ गई है। वही, धुरंधर 2 का हाल अब 'आज गए, तो कल गए' वाला हो गया है।",2026-04-24 01:34:38+00:00,Navbharat Times,https://navbharattimes.indiatimes.com/entertainment/box-office/bhooth-bangla-box-office-day-7-vs-dhurandhar-2-the-revenge-day-36-collection/articleshow/130481295.cms,India,21,False
"IPL 2026: मिचेल सेंटनर को कंधे में लगी चोट, मुंबई इंडियंस को कैसे मिल गया कन्कशन सब्स्टीट्यूट?",मुंबई इंडियंस के स्पिनर मिचेल सेंटनर को सीएसके के खिलाफ मैच के दौरान कंधे में चोट लगी। इसके बाद भी मुंबई को उनकी जगह कन्कशन सब्स्टीट्यूट के रूप में शार्दुल ठाकुर मिल गए।,2026-04-24 01:34:01+00:00,Navbharat Times,https://navbharattimes.indiatimes.com/sports/cricket/iplt20/news/mitchell-santner-suffered-shoulder-injury-how-did-mumbai-indians-get-a-concussion-substitute-ipl-2026/articleshow/130481316.cms,India,17,False
MI vs CSK: Sanju Samson's Post-Match Remark Proves He Is True Successor To 'Captain' Dhoni,"Sanju Samson's unbeaten 101-run knock against the Mumbai Indians is bound to put pressure on Chennai Super Kings (CSK) captain Ruturaj Gaikwad, trigger a debate around the team's leadership.",2026-04-24 01:32:23+00:00,NDTV Sports,https://sports.ndtv.com/ipl-2026/sanju-samsons-responsibility-remark-proves-he-is-csks-leader-despite-not-being-captain-11401322,India,15,False
Trump says he will ‘probably put a big tariff on the UK’ if it doesn’t drop digital services tax,"US president accuses UK of thinking it can ‘make an easy buck’ from US tech companies, weeks after warning that UK–US trade deal can be changed",2026-04-24 01:35:00+00:00,The Guardian,https://www.theguardian.com/us-news/2026/apr/24/trump-tariff-uk-digital-services-tax-warning,UK,19,False
Assisted dying bill to run out of time as Lords hold final debate,The Terminally Ill Adults (End of Life) Bill was supported by MPs but has not cleared its stages in the Lords.,2026-04-24 00:01:59+00:00,BBC,https://www.bbc.co.uk/news/articles/cgk0vz5e2zxo,UK,13,False
"US soldier charged after winning $400,000 betting on removal of Venezuela's Nicolas Maduro","Gannon Ken Van Dyke allegedly made trades on Polymarket on the basis of classified information, the justice department says.",2026-04-23 23:46:00+00:00,BBC,https://www.bbc.co.uk/news/articles/c20832yg5p2o,UK,13,False
Ukraine war briefing: Trump bristles at Prince Harry’s passionate plea for Ukraine,"Duke of Sussex says US must ‘honour obligations’ as it persuaded Ukraine to give up nuclear weapons; US president retorts that Harry doesn’t speak for Britain. What we know on day 1,521",2026-04-23 23:41:00+00:00,The Guardian,https://www.theguardian.com/world/2026/apr/24/ukraine-war-briefing-trump-bristles-at-prince-harrys-passionate-plea-for-ukraine,UK,12,False
Trump threatens Starmer with ‘big tariff’ over tech tax,"President tells The Telegraph he will retaliate if Britain continues to ‘target’ major American companies such as Apple, Google and Meta",2026-04-23 23:40:00+00:00,The Telegraph,https://www.telegraph.co.uk/us/news/2026/04/24/trump-drop-digital-service-tech-tax-tariff-threat/,UK,9,False
Premier League Darts: Luke Littler beats Jonny Clayton and silences Liverpool crowd to close gap at top of table,"Luke Littler is now just three points behind Jonny Clayton at the top of the Premier League table; He beat Luke Humphries, Michael van Gerwen, and Clayton in Liverpool; you can watch Premier League Darts live on Sky Sports every Thursday",2026-04-23 23:27:29+00:00,Sky Sports,https://www.skysports.com/darts/news/12288/13535005/premier-league-darts-luke-littler-beats-jonny-clayton-and-silences-liverpool-crowd-to-close-gap-at-top-of-table,UK,19,False
"Global stock markets are too high and set to fall, says Bank of England deputy",It is unusual for a senior figure at the Bank to be so forthright on market movements.,2026-04-23 23:15:25+00:00,BBC,https://www.bbc.co.uk/news/articles/c75kp1y43lgo,UK,15,False
"Ringo Starr on pizza, country music, Barry Keoghan and being Sir Richard","Beatles star reveals all about his new country album, being a Sir and coming up with the phrase A Hard Day's Night.",2026-04-23 23:05:11+00:00,BBC,https://www.bbc.co.uk/news/articles/cp8645d9lvyo,UK,12,False
Luke Littler shrugs off boos at Premier League in Liverpool: Reaction in Rotterdam the 'worst I have experienced',Luke Littler says he does not regret what happened with Gian van Veen but believes they have both moved on; He says the boos in Rotterdam were the worst he has experienced; you can watch Premier League Darts live on Sky Sports every Thursday,2026-04-23 22:55:57+00:00,Sky Sports,https://www.skysports.com/darts/news/12288/13535693/luke-littler-shrugs-off-boos-at-premier-league-in-liverpool-reaction-in-rotterdam-the-worst-i-have-experienced,UK,18,False
"Speculation about 'missing scientists' is 'denigrating to their memories,' widow says",Conspiracies are running rampant online after the deaths or disappearances of at least 10 people tied to sensitive US research.,2026-04-23 22:52:20+00:00,BBC,https://www.bbc.co.uk/news/articles/cwyw9rpdl4po,UK,11,False
"'Spent salary on prostitutes': Accused in Delhi IRS officer’s daughter rape-murder is a pervert, had ill intentions towards victim; chilling new details",NEW DELHI: A 23-year-old man accused of raping and murdering the daughter of an Indian Revenue Service (IRS) officer in south Delhi had allegedly carr.,2026-04-24 01:43:00+00:00,The Times of India,https://timesofindia.indiatimes.com/city/delhi/spent-salary-on-prostitutes-accused-in-delhi-irs-officers-daughter-rape-murder-is-a-pervert-had-ill-intentions-towards-victim-chilling-new-details/articleshow/130481263.cms,Nepal,22,False
"पुढील 3 तास संकटाची, प्रशासनाचा इशारा, आजही गारपिटीचा धोका, दुपारी 12 ते 3…",Maharashtra Weather Update : राज्यातील हवामानात गेल्या काही दिवसांपासून सतत बदल होताना दिसत आहे. उष्णता प्रचंड वाढली आहे. कुठे गारपिट होत आहे. त्यामध्येच हवामान विभागाने अत्यंत मोठा इशारा जारी केला.,2026-04-24 01:42:59+00:00,TV9 Marathi,https://www.tv9marathi.com/maharashtra/indian-meteorological-department-has-issued-yellow-alert-in-maharashtra-on-24-april-2026-1654071.html,Nepal,13,False
‘Fracture in the Enemy’: Mojtaba Khamenei’s 'unity' message to US amid ‘gravely wounded’ reports,"Mojtaba Khamenei said, ""Due to the strange unity created among compatriots, a fracture has occurred in the enemy,"" describing Tehran's unity as advantage. | World News",2026-04-24 01:42:29+00:00,Hindustan Times,https://www.hindustantimes.com/world-news/fracture-in-the-enemy-iran-supreme-leader-mojtabas-strange-unity-message-as-war-shows-no-end-101776992632515.html,Nepal,14,False
Psilocybin use rises among Americans amid growing clinical interest,"The use of psilocybin, the hallucinogenic compound found in ""magic mushrooms,"" is rising in the United States alongside de‑criminalization efforts in several states and local jurisdictions, as well as heightened interest by the general public.",2026-04-24 01:41:00+00:00,News-Medical,https://www.news-medical.net/news/20260423/Psilocybin-use-rises-among-Americans-amid-growing-clinical-interest.aspx,Nepal,9,False
10 Best Places to Retire 2026 with Tax-Free Benefits,"Dreaming of living comfortably in your golden years should lead you to explore the best places to retire, like Panama and Costa Rica.",2026-04-24 01:40:43+00:00,Tempo.co English,https://en.tempo.co/read/2100102/10-best-places-to-retire-2026-with-tax-free-benefits,Nepal,9,False
Emor: Isamaa ja Keskerakond juhivad reitinguid tasavägiselt,"Kahe Eesti eelistatuima erakonna seis oli Emori aprilli küsitluses tasavägine, juhtis Isamaa väikese vahega Keskerakonna ees. Veidi kasvatas toetust jätkuvalt valimiskünnise all püsiv Eesti 200, samal ajal kui EKRE toetus langes kümne aasta madalaimale tasemele.",2026-04-24 01:40:00+00:00,ERR,https://www.err.ee/1610004634/emor-isamaa-ja-keskerakond-juhivad-reitinguid-tasavagiselt,Nepal,7,False
Meta va licencier 8000 employés pour compenser ses investissements dans l'IA,"Meta a annoncé jeudi en interne le licenciement de 8000 personnes, soit environ 10% de ses effectifs, a indiqué à l'AFP une source proche du dossier. Dans le même temps, plusieurs médias américains ont fait état d'un vaste plan de départs volontaires chez Microsoft.",2026-04-24 01:39:44+00:00,rts.ch,https://www.rts.ch/info/sciences-tech/2026/article/meta-va-licencier-8000-employes-pour-compenser-ses-investissements-dans-l-ia-29221254.html,Nepal,11,False
Trisha: விஜய்க்கு ஓட்டு போட்டாரா த்ரிஷா? - சைலண்டாக செய்த சம்பவம்.. தவெகவினர் மகிழ்ச்சி!,நடிகை த்ரிஷா தனது தாயாருடன் வந்து  சென்னை அபிராமிபுரம் பகுதியில் உள்ள செயின்ட் பிரான்சிஸ் சேவியர் நடுநிலைப்பள்ளியில் தனது வாக்கினை பதிவு செய்தார். அதனைத் தொடர்ந்து இன்ஸ்டாவில் போட்ட பதிவு வைரலாகியுள்ளத,2026-04-24 01:37:37+00:00,ABP Nadu,https://tamil.abplive.com/entertainment/tn-election-2026-actress-trisha-instagram-post-viral-indirectly-singal-to-support-tvk-vijay-257313,India,11,False
Beggars in Kuala Lumpur growing more assertive,A trend is emerging: groups of women with young children are increasingly targeting passers-by. Read more at straitstimes.com.,2026-04-25 03:25:00+00:00,The Straits Times,https://www.straitstimes.com/asia/se-asia/beggars-in-kuala-lumpur-growing-more-assertive,Nepal,7,False
Signal: Spionagekampagne erreicht Bundesregierung - Ministerinnen betroffen,Der Angriff auf Nutzer der Messenger-App Signal betrifft auch die Bundesregierung direkt. Bildungsministerin Karin Prien und Bauministerin Verena Hubertz gehören nach SPIEGEL-Informationen zu den Opfern der Kampagne.,2026-04-25 03:23:00+00:00,Spiegel,https://www.spiegel.de/politik/signal-attacke-ministerinnen-betroffen-a-a4ad5e41-c595-41d3-bcab-87a522925838,Nepal,7,False
"Ночные взрывы в Харькове: ""прилеты"" в двух районах, уничтожена остановка",Начиная с 03:25 25 апреля в Харькове прогремело уже не менее пяти взрывов.,2026-04-25 03:23:00+00:00,objectiv.tv,https://www.objectiv.tv/objectively/2026/04/25/vzryvy-gremyat-v-harkove-terehov-soobshhil-o-priletah/,Nepal,10,False
"Song Hye Kyo say xỉn có hành động khác thường ngày giữa sự kiện, phản ứng của truyền thông mới sốc",Hình ảnh của Song Hye Kyo trong sự kiện mới đã gây xôn xao bàn tán.,2026-04-25 03:23:00+00:00,Kenh14.vn,https://kenh14.vn/song-hye-kyo-say-xin-co-hanh-dong-khac-thuong-ngay-giua-su-kien-phan-ung-cua-truyen-thong-moi-soc-215260425104227411.chn,Nepal,21,False
Urge elevar el rigor en las sanciones contra el robo de combustibles,Órgano Oficial del Comité Central del Partido Comunista de Cuba. Fundado el 3 de octubre de 1965. Actualización de noticias 24 horas.,2026-04-25 03:22:47+00:00,Granma,https://www.granma.cu/cuba/2026-04-25/urge-elevar-el-rigor-en-las-sanciones-contra-el-robo-de-combustibles-24-04-2026-20-04-09,Nepal,12,False
سلاح السرطان السري.. كيف تتعلم الأورام النجاة من العلاج؟,كشفت دراسة حديثة صادرة عن باحثين في مركز NYU Langone Health وكلية الطب بجامعة نيويورك، ونُشرت في مجلة Nature، عن آلية بي,2026-04-25 03:22:30+00:00,البيان,https://www.albayan.ae/lifestyle/health/1220194,Nepal,9,False
Israel continues strikes in southern Lebanon despite ceasefire extension,"Israel has continued to strike Lebanon despite a recent ceasefire extension, with both sides accusing each other of violations.
According to official statements, Israeli troops carried out strikes...",2026-04-25 03:22:18+00:00,The News International,https://www.thenews.com.pk/latest/1400278-israel-continues-strikes-in-southern-lebanon-despite-ceasefire-extension,Nepal,9,False
""" Douloureux et très triste pour le tennis "" : le forfait de Carlos Alcaraz à Roland-Garros, un tremblement de terre ressenti jusqu'à Madrid","Blessé au poignet droit, Carlos Alcaraz a annoncé vendredi après-midi son forfait pour Roland-Garros, dont il est le double tenant du titre. Un tremblement de terre.",2026-04-25 03:22:00+00:00,L'Équipe,https://www.lequipe.fr/Tennis/Article/-douloureux-et-tres-triste-pour-le-tennis-le-forfait-de-carlos-alcaraz-a-roland-garros-un-tremblement-de-terre-ressenti-jusqu-a-madrid/1670678,Nepal,24,False
"Vaibhav Sooryavanshi : वैभव सूर्यवंशी के निशाने पर क्रिस गेल का महारिकॉर्ड, बन जाएंगे ऐसा करने वाले पहले बल्लेबाज","SRH vs RR, IPL 2026: IPL के 36वें मैच में आज राजस्थान रॉयल्स का मुकाबला सनराइजर्स हैदराबाद की टीम के साथ होना है, आज के मैच में सबकी नजर एक बार फिर वैभव सूर्यवंशी पर रहेगी.",2026-04-25 03:21:56+00:00,NDTV.in,https://ndtv.in/cricket/vaibhav-sooryavanshi-upcoming-record-in-ipl-2026-fastest-to-50-sixes-in-ipl-chris-gayle-record-srh-vs-rr-hindi-11406547,India,19,False
"Khalnayak Returns: Sanjay Dutt to return as Ballu in Khal Nayak sequel, reveals he got the idea in jail","Sanjay Dutt will return as Ballu in Khalnayak Returns, a sequel to the iconic 1993 film that revived his career. | Bollywood",2026-04-25 03:18:30+00:00,Hindustan Times,https://www.hindustantimes.com/entertainment/bollywood/sanjay-dutt-announces-khalnayak-sequel-says-he-got-idea-for-movie-in-jail-101777059812250.html,India,19,False
"RIL Stock: मुनाफा घटा... रेवेन्यू बढ़ा, डिविडेंड का ऐलान, Q4 नतीजों का सोमवार को दिखेगा असर",Reliance Share In Focus: मुकेश अंबानी की कंपनी रिलायंस इंडस्ट्रीज ने बीते कारोबारी दिन अपनी चौथी तिमाही के नतीजों का ऐलान कर दिया है और इनका असर RIL Stock पर सोमवार को देखने को मिल सकता है.,2026-04-25 03:17:28+00:00,AajTak,https://www.aajtak.in/business/news/story/reliance-share-in-focus-ril-q4-results-profit-fall-revenue-jumps-dividend-announced-tutc-dskc-2532951-2026-04-25,India,16,False
Dipali Sayyed On Her Fight With Rakhi Sawant; 'माझ्याबद्दल सगळं माहित असूनही तिनं गेमसाठी मर्यादा ओलांडली' राखीबद्दल स्पष्टच बोलली दीपाली सय्यद,Dipali Sayyed : दीपाली सय्यदनं नुकत्याच एका मुलाखतीमध्ये तिच्या आणि राखी सावंतच्या वादाबद्दल भाष्य केलं आहे.,2026-04-25 03:14:33+00:00,Maharashtra Times,https://maharashtratimes.com/entertainment/bigg-boss-marathi/dipali-sayyed-talks-about-her-fight-with-rakhi-sawant-because-of-raqesh-bapat/articleshow/130507203.cms,India,21,False
"Varanasi Update : మహేశ్ బాబు, ప్రియాంక చోప్రాలపై సాంగ్ - ఫోటోస్ ఫ్రమ్ వారణాసి","Vranasi Songs : విజువల్ వండర్ వారణాసిలో మహేశ్ బాబు, ప్రియాంక చోప్రాలపై ఓ సాంగ్ కంప్లీట్ చేశారు. సోషల్ మీడియాలో ఈ ఫోటోలు వైరల్ అవుతున్నాయి.",2026-04-25 03:14:16+00:00,ABP Desam,https://telugu.abplive.com/entertainment/cinema/mahesh-babu-priyanka-chopra-pics-with-varanasi-choreographer-bosco-martis-dance-sequence-wrap-245350,India,12,False
பேச்சுவார்த்தை நடத்த பாகிஸ்தான் பயணிக்கும் டிரம்பின் தூதர்கள் - இரான் கூறியது என்ன?,"இரான் உடனான அமைதி பேச்சுவார்த்தைக்காக டொனால்ட் டிரம்பின் சிறப்பு தூதர் ஸ்டீவ் விட்காஃப், அமெரிக்க அதிபரின் மருமகன் ஜாரெட் குஷ்னர் ஆகியோர் சனிக்கிழமை (ஏப்ரல் 25) காலை பாகிஸ்தான் செல்ல உள்ளதாக வெள்ளை மாளிகை தெரிவித்துள்ளது.",2026-04-25 03:10:14+00:00,BBC,https://www.bbc.com/tamil/articles/cm29mv584lno,India,10,False
"PlaySimple Games ला रही है ₹3150 करोड़ का IPO, ड्राफ्ट जमा","PlaySimple Games IPO: दिसंबर 2025 तक उत्तरी अमेरिका, यूरोप और एशिया में प्लेसिंपल गेम्स के लगभग 49.9 लाख डेली एक्टिव यूजर थे। भारत में कॉम्पिटीटर नजारा टेक्नोलोजिज है। 2025 के लिए कंपनी का मुनाफा 359 करोड़ रुपये रहा - playsimple games has filed draft papers with sebi to raise funds up to rs 3150 crore via ipo",2026-04-25 03:09:15+00:00,Moneycontrol Hindi,https://hindi.moneycontrol.com/news/ipo/playsimple-games-has-filed-draft-papers-with-sebi-to-raise-funds-up-to-rs-3150-crore-via-ipo-2395164.html,India,11,False
"UK Board Result 2026 LIVE: UBSE Class 10th, 12th Result Today 10 AM; Check Official Website, Toppers List, Roll Number and More","Uttarakhand Board UBSE 10th 12th result 2026 to be announced at 10 AM on April 25, 2026. Candidates must login with their roll number tocheck the result and download the marksheets.",2026-04-25 03:07:30+00:00,Jagran Josh,https://www.jagranjosh.com/news/uk-board-result-2026-live-ubse-class-10-12-result-check-official-website-toppers-list-roll-number-and-more-lb-206345,India,22,False
"समंदर के पानी में कैसे बिछाई जाती हैं बारूदी सुरंगें, मिनटों में तबाह हो जाते हैं जहाज","समंदर में बिछाई जाने वाली बारूदी सुरंगें काफी खतरनाक होती हैं। ये धाराओं के साथ जगह भीबदलती रहती हैं। अमेरिका का दावा है कि होर्मुज में ईरान ने 6 हजार सुरंगें बिछाई हैं। इन्हें साफ करने का काम चल रहा है। , International Hindi News - Hindustan",2026-04-25 03:07:24+00:00,Live Hindustan,https://www.livehindustan.com/international/how-are-landmines-laid-in-the-ocean-ships-are-destroyed-in-a-matter-of-minutes-201777085038862.html,India,17,False
Surat : અલથાણ હંગામા પર DCP ની સ્પષ્ટતા,Surat Althan Molestation Case : સુરતના અલથાણ વિસ્તારમાં ગઈકાલે રાત્રે વિધર્મી યુવકે સગીરાની છેડતી કરતા ભારે હોબાળો મચી ગયો હતો.,2026-04-25 03:06:19+00:00,GujaratFirst,https://www.gujaratfirst.com/surat/surat-althan-police-station-crowd-lathicharge-dcp-nidhi-thakur/298736/,India,8,False
2026 NFL Draft: Steals and reaches from Day 2,Biggest steals and reaches from Day 2 of the 2026 NFL Draft using PFF Grades and Big Board data. Find top value picks. See the grades.,2026-04-25 03:21:00+00:00,PFF,https://www.pff.com/news/draft-steals-and-reaches-from-day-2,USA,9,False
"OpenAI CEO Sam Altman ""deeply sorry"" for failing to alert law enforcement to Canada school shooter's ChatGPT account","The ChatGPT account of the shooter, who killed eight people in a small British Columbia community, had been banned about eight months prior to the massacre.",2026-04-25 03:16:36+00:00,CBS News,https://www.cbsnews.com/news/sam-altman-deeply-sorry-not-flagging-law-enforcement-canada-school-shooters-chatgpt-account/,USA,18,False
Justice Department to allow firing squads for executions in move to ramp up capital punishment,The Justice Department will adopt firing squad as a permitted method of execution as the Trump administration moves to ramp up and expedite capital punishment cases.,2026-04-25 03:02:11+00:00,NPR,https://www.npr.org/2026/04/24/nx-s1-5798990/doj-firing-squads-executions-trump-capital-punishment,USA,15,False
This is who's developing Golden Dome's orbital interceptors-if they're ever built,"If boost-phase intercept from space is not affordable and scalable, we will not produce it.""",2026-04-25 02:52:37+00:00,Ars Technica,https://arstechnica.com/space/2026/04/this-is-whos-developing-golden-domes-orbital-interceptors-if-theyre-ever-built/,USA,11,False
Jonathan Greenard made appearance at Sixers game with Big Dom,When will new Eagles defensive end Jonathan Greenard make his first appearance in Philadelphia?,2026-04-25 02:48:23+00:00,NBC Sports,https://www.nbcsports.com/nfl/profootballtalk/rumor-mill/news/jonathan-greenard-made-appearance-at-sixers-game-with-big-dom,USA,10,False
US strike on alleged drug boat kills 2 in eastern Pacific,"The U.S. military says it launched another strike on a boat accused of ferrying drugs in the eastern Pacific Ocean, killing two people Friday.",2026-04-25 02:36:00+00:00,AP News,https://apnews.com/article/trump-drug-cartels-pacific-ocean-42e0097eea2b04bbec4f84afed237d71,USA,11,False
Falklands veteran hopes King can get Trump to 'back down',"Simon Weston says reports the US is reviewing the UK's claim to the territory makes his sacrifice feel ""irrelevant"".",2026-04-25 02:28:20+00:00,BBC,https://www.bbc.com/news/articles/c62lp853214o,USA,10,False
Altman apologizes after OpenAI failed to alert police before fatal Canada shooting,"OpenAI said the company had identified an account using abuse detection efforts, but determined at the time it didn’t meet threshold for legal referral",2026-04-25 02:13:00+00:00,The Guardian,https://www.theguardian.com/us-news/2026/apr/25/altman-apologizes-after-openai-failed-to-alert-police-before-fatal-canada-shooting,USA,12,False
"El antiguo reino montañoso donde la fantasía de ""Narnia"" y ""Game of Thrones"" cobra vida","Las montañas de Mourne, en Irlanda del Norte, han inspirado la imaginación para crear escenarios de fantasía durante más de 75 años.",2026-04-25 02:01:00+00:00,CNN en Español,https://cnnespanol.cnn.com/2026/04/24/viajes/reino-montanoso-narnia-game-of-thrones-irlanda-del-norte-trax,USA,15,False
"Saka, Timber, Calafiori - Arsenal injury news and return dates for Newcastle clash",Arsenal face Newcastle United in the Premier League on Saturday with Mikel Arteta confirming two key players could return from injury,2026-04-25 02:14:57+00:00,Football London,https://www.football.london/arsenal-fc/news/arsenal-injuries-saka-timber-calafiori-33832731,UK,13,False
'Falklands tell Trump to back off' and 'Harry does a Diana',"Many of the papers lead on a leaked Pentagon memo, which suggests the US could back Argentine sovereignty of the Falklands.",2026-04-25 02:03:07+00:00,BBC,https://www.bbc.co.uk/news/articles/cp8d3kev87eo,UK,11,False
"How Harry Styles, Lily Allen and other stars are helping grassroots artists",Ticket money from some stadium and arena gigs is helping support struggling grassroots artists and venues.,2026-04-25 01:22:36+00:00,BBC,https://www.bbc.co.uk/news/articles/c2lwy12j2j8o,UK,12,False
Palantir under fire for X 'manifesto' from co-founder Alex Karp,The boss of the controversial tech company with UK government contracts published a 22-point plan on the future of the West.,2026-04-25 01:18:33+00:00,BBC,https://www.bbc.co.uk/news/articles/c4gjkj7975po,UK,10,False
Kamonnan Thiamphanit: Man charged with murder after extradition from UAE,"Kamonnan Thiamphanit, 27, who was also known as Angela, was stabbed in Westminster in 2024.",2026-04-25 01:06:37+00:00,BBC,https://www.bbc.co.uk/news/articles/ce9mkxy0drro,UK,10,False
Europe's Nato allies push back at reported US threat to Spain,"On Friday morning, souring relations between Europe and the United States reared its Medusa-like head again, writes the BBC's Europe editor.",2026-04-25 00:10:51+00:00,BBC,https://www.bbc.co.uk/news/articles/cj40r2gw24wo,UK,11,False
Woman's harrowing last four words as she dies of lung problems after vaping habit,"Escarlen De los Santos, 30, used her last moments to warn her followers to stay off vapes and hookahs, because her habit led to her diagnosis of respiratory failure",2026-04-24 23:44:00+00:00,The Mirror,https://www.mirror.co.uk/news/world-news/vaping-dangers-lung-failure-warning-37068227,UK,14,False
King's 'high stakes' visit with Trump will be toughest test yet of his reign,The state visit to the US looks fraught with difficulty - but could be key to rescuing the special relationship.,2026-04-24 23:36:58+00:00,BBC,https://www.bbc.co.uk/news/articles/ce35xkgjqd5o,UK,14,False
Twins found holding each other after both die from intense electrocution,"The twins, 22, were fatally electrocuted after accidentally touching high-voltage cables using a metal pole and it is believed that one of the brothers died while trying to save his twin",2026-04-24 23:19:00+00:00,The Mirror,https://www.mirror.co.uk/news/world-news/twins-both-die-from-electrocution-37068214,UK,11,False
AFL sacks appeals board chair Will Houghton after Lance Collard case,Will Houghton KC is sacked as the chair of the AFL appeals board after the body's widely criticised statement and decision in the case of St Kilda player Lance Collard.,2026-04-25 03:11:14+00:00,Australian Broadcasting Corporation,https://www.abc.net.au/news/2026-04-25/afl-sacks-appeals-board-chair-after-lance-collard-case/106606332,Australia,11,False
Virgin Australia passenger's flight ordeal sparks call for new mandate: 'Worst airline experience',"There is a call for change after a man was recently offended by a woman's 'wrinkly, crusty' feet on a Virgin flight.",2026-04-25 03:00:00+00:00,Yahoo News Australia,https://au.news.yahoo.com/virgin-australia-passengers-flight-ordeal-sparks-call-for-new-mandate-worst-airline-experience-030037169.html,Australia,13,False
What Anzac Day means to some of the two million Australians who have served since Gallipoli,"Australians taking part in Anzac Day commemorations share stories of sacrifice and bravery, and what today means to them.",2026-04-25 02:55:18+00:00,Australian Broadcasting Corporation,https://www.abc.net.au/news/2026-04-25/nt-anzac-day-big-picture-australians/106603252,Australia,16,False
US millionaire trophy hunter killed by herd of elephants,A US millionaire and enthusiastic big game hunter has died by being trampled to death by elephants in Africa.,2026-04-25 02:51:52+00:00,9News,https://www.9news.com.au/world/hunter-killed-by-elephants-gabon-africa-usa-news/1c3587a0-464a-4a35-89a3-2a01b1be134a,Australia,9,False
Booing during Welcome to Country at Melbourne and Sydney Anzac Day services draws condemnation,"Indigenous elders face racist booing from crowd members at dawn services in Melbourne, Sydney and Perth, with one man arrested and charged over his alleged involvement and others issued with move-on orders.",2026-04-25 02:06:53+00:00,Australian Broadcasting Corporation,https://www.abc.net.au/news/2026-04-25/anzac-day-booing-heckling-melbourne-sydney-condemnation/106605674,Australia,14,False
Popular venue Bar Bambi firebombed twice in a week,"CBD venue Bar Bambi is the target of a second arson, and police are still unable to establish a motive for almost 20 attacks across the city since early February.",2026-04-25 01:39:47+00:00,The Age,https://www.theage.com.au/national/victoria/it-s-become-a-war-zone-popular-melbourne-bar-firebombed-twice-in-a-week-20260425-p5zr01.html,Australia,9,False
"Anzac Day 2026: Thousands turn out for Kings Park dawn service, RSLWA & Roger Cook condemn crowd boos",The solemn tone of the Kings Park dawn service was fractured on Saturday morning when a small number of people in the crowd booed Indigenous veteran Di Ryder.,2026-04-25 01:24:00+00:00,The West Australian,https://thewest.com.au/news/anzac/anzac-day-2026-thousands-turn-out-for-kings-park-dawn-service-rslwa-chief-executive-condemns-crowd-boos-c-22187287,Australia,18,False
"Knights bombshell as Ponga shuns rival clubs, codes to ink mega extension","Knights bombshell as Ponga shuns rival clubs, codes to ink mega extension",2026-04-25 01:17:02+00:00,Fox Sports,https://www.foxsports.com.au/nrl/nrl-premiership/nrl-2026-kalyn-ponga-signs-extension-with-newcastle-knights-shuns-roosters-rugby-union-all-blacks-contract-round-8/news-story/604f4473b6ceb240f78502e38d9d6840,Australia,12,False
Keep Your Files Private With This No-Scan 1TB Cloud Storage,"Through April 30 at 11:59PM PT, you can get a lifetime 1TB subscription to Koofr Cloud Storage for A$223 using code KOOFR at checkout (though prices may change at any time).",2026-04-25 01:01:54+00:00,Lifehacker,https://au.lifehacker.com/tech/118245/keep-your-files-private-with-this-no-scan-1tb-cloud-storage,Australia,10,False
Final teams in as Hawks meet Suns to kick off HUGE Anzac Day. Follow LIVE,Follow all the action from Saturday's round seven games,2026-04-25 00:30:00+00:00,afl.com.au,https://www.afl.com.au/news/1502726/follow-it-live-hawks-v-suns-bombers-v-magpies-power-v-cats-dockers-v-blues-afl-round-seven-2026,Australia,15,False
